{
  "model": {
    "type": "frame",
    "nv": 4,
    "sv": 5,
    "np": 5,
    "hp": 3.2,
    "totalNodes": 30,
    "totalElements": 45
  },
  "static": {
    "maxDisplacement": 0.0005999999999999993,
    "deformations": {
      "0": [
        0,
        0,
        0,
        0,
        0,
        0
      ],
      "1": [
        0,
        0,
        0,
        0,
        0,
        0
      ],
      "2": [
        0,
        0,
        0,
        0,
        0,
        0
      ],
      "3": [
        0,
        0,
        0,
        0,
        0,
        0
      ],
      "4": [
        0,
        0,
        0,
        0,
        0,
        0
      ],
      "5": [
        4.042454020238818e-21,
        0,
        -0.00019999999999999974,
        0,
        -2.010591472008168e-20,
        0
      ],
      "6": [
        3.065524331643043e-21,
        0,
        -0.0001999999999999994,
        0,
        -9.83261234782435e-21,
        0
      ],
      "7": [
        1.6203676889427033e-21,
        0,
        -0.00019999999999999958,
        0,
        -2.6504365062440137e-21,
        0
      ],
      "8": [
        5.606012066895531e-23,
        0,
        -0.00019999999999999933,
        0,
        7.656319663154276e-21,
        0
      ],
      "9": [
        -1.0486997046742481e-21,
        0,
        -0.0001999999999999997,
        0,
        2.1684556008272775e-20,
        0
      ],
      "10": [
        4.10422926701352e-21,
        0,
        -0.0003599999999999996,
        0,
        -4.343351448996683e-20,
        0
      ],
      "11": [
        3.2582961245675417e-21,
        0,
        -0.000359999999999999,
        0,
        -2.2627817521635772e-20,
        0
      ],
      "12": [
        2.13582335159789e-21,
        0,
        -0.0003599999999999991,
        0,
        -7.413988633729097e-21,
        0
      ],
      "13": [
        9.714838465732757e-22,
        0,
        -0.0003599999999999987,
        0,
        1.773549983712224e-20,
        0
      ],
      "14": [
        9.499878180543583e-23,
        0,
        -0.0003599999999999995,
        0,
        4.570682504314781e-20,
        0
      ],
      "15": [
        2.5327150230087892e-21,
        0,
        -0.0004799999999999993,
        0,
        -5.708366143669028e-20,
        0
      ],
      "16": [
        2.2120393817208516e-21,
        0,
        -0.0004799999999999984,
        0,
        -2.4671378106538435e-20,
        0
      ],
      "17": [
        1.7344523854840815e-21,
        0,
        -0.0004799999999999989,
        0,
        -7.490029667367392e-21,
        0
      ],
      "18": [
        1.2272784332570258e-21,
        0,
        -0.0004799999999999982,
        0,
        1.634272990438896e-20,
        0
      ],
      "19": [
        8.62893921852301e-22,
        0,
        -0.00047999999999999925,
        0,
        5.605466079461496e-20,
        0
      ],
      "20": [
        2.942628456048054e-21,
        0,
        -0.0005599999999999992,
        0,
        -5.632551085583203e-20,
        0
      ],
      "21": [
        1.5499456731256093e-21,
        0,
        -0.0005599999999999982,
        0,
        -3.1110055536161234e-20,
        0
      ],
      "22": [
        -1.8752189508705575e-22,
        0,
        -0.0005599999999999985,
        0,
        -1.1503803509537349e-20,
        0
      ],
      "23": [
        -2.177769766895427e-21,
        0,
        -0.0005599999999999979,
        0,
        1.9020493006873032e-20,
        0
      ],
      "24": [
        -3.8884129486322735e-21,
        0,
        -0.0005599999999999989,
        0,
        5.621486425752576e-20,
        0
      ],
      "25": [
        -1.6108082519541095e-20,
        0,
        -0.0005999999999999993,
        0,
        -1.262154425907453e-19,
        0
      ],
      "26": [
        -1.2047190790132849e-20,
        0,
        -0.0005999999999999984,
        0,
        -4.5019742756508616e-20,
        0
      ],
      "27": [
        -6.492174317703411e-21,
        0,
        -0.0005999999999999989,
        0,
        -2.0302958229037547e-20,
        0
      ],
      "28": [
        -4.640211010103669e-22,
        0,
        -0.000599999999999998,
        0,
        3.284239839386991e-20,
        0
      ],
      "29": [
        4.167092141143006e-21,
        0,
        -0.0005999999999999991,
        0,
        1.3429852175904648e-19,
        0
      ]
    },
    "reactions": {
      "0": [
        -2.2093159671228364e-16,
        0,
        124.99999999999984,
        0,
        -2.488141362282286e-16,
        0
      ],
      "1": [
        -1.1468618778397666e-16,
        0,
        124.99999999999963,
        0,
        -1.3230686241850214e-16,
        0
      ],
      "2": [
        -3.575879927059052e-17,
        0,
        124.99999999999973,
        0,
        -4.341524377231194e-17,
        0
      ],
      "3": [
        7.439681225489338e-17,
        0,
        124.99999999999959,
        0,
        7.917418536153249e-17,
        0
      ],
      "4": [
        2.1807673170278026e-16,
        0,
        124.99999999999982,
        0,
        2.360275510063783e-16,
        0
      ]
    }
  },
  "modal": {
    "frequencies": [
      0.6010884218385515,
      1.275304959153221,
      3.091160876298007,
      3.48538757543188,
      3.731710869359128,
      5.0009130115530915
    ],
    "periods": [
      1.6636487472862913,
      0.7841261753298454,
      0.3235030592123714,
      0.2869121377056864,
      0.2679736011197826,
      0.1999634862053796
    ],
    "massParticipation": [
      [
        3.361729176069593e-27,
        0.6837108574938178,
        3.9246889498722514e-31,
        0.0017842743431480213,
        1.5107474790686583e-30,
        8.610749158630845e-27
      ],
      [
        1.9719907910292873e-27,
        4.267787765808972e-25,
        6.639135091528871e-32,
        9.329320540236044e-28,
        1.3615133338021012e-30,
        0.014409841295281698
      ],
      [
        0.842000825733483,
        2.6469042348327105e-26,
        9.899980652750405e-31,
        5.133463436783853e-29,
        0.00040734746773614773,
        6.77254112193211e-30
      ],
      [
        9.612438720199501e-26,
        0.003971937377011844,
        2.347760911547775e-32,
        0.00018811654437842287,
        4.2624076358726903e-29,
        4.971729221565211e-28
      ],
      [
        1.362949006569244e-25,
        0.20200046728075788,
        2.474128441361646e-30,
        0.00008773809647154635,
        6.942633819152572e-29,
        3.451528667022713e-32
      ],
      [
        9.31481302997569e-27,
        3.611480318744826e-27,
        3.2024422167140446e-32,
        6.183163699072216e-29,
        3.3626322606923344e-30,
        0.001169739489611782
      ]
    ]
  }
}